Id,Category,Label
1,almyres-pites-tartes,chwriatikh-kotopita
2,almyres-pites-tartes,tyropita-me-koyrkoyti
3,almyres-pites-tartes,almyro-soyfle-sthn-koypa
4,almyres-pites-tartes,almyro-cheesecake-me-manitaria
5,almyres-pites-tartes,empanadas-me-kima-kotopoylo-kai-tsoritho
6,almyres-pites-tartes,spanakopita-me-aleyri-olikhs-aleshs
7,almyres-pites-tartes,kremmydopita
8,almyres-pites-tartes,piroski-gemista-me-patates-kai-manitaria
9,almyres-pites-tartes,ntomatopita
10,almyres-pites-tartes,tyropita-chwris-fyllo
11,almyres-pites-tartes,anoichtes-pites-me-pshth-agkinara
12,almyres-pites-tartes,fish-pie
13,almyres-pites-tartes,cornish-pies-kreatopitakia
14,almyres-pites-tartes,soyfle-me-4-tyria
15,almyres-pites-tartes,almyrh-italikh-toyrta
16,almyres-pites-tartes,muffins-me-feta-kai-pasta-elias
17,almyres-pites-tartes,almyra-tartakia-me-feta
18,almyres-pites-tartes,atomikes-pites-zymarikwn
19,almyres-pites-tartes,chaniwtikh-kreatopita
20,almyres-pites-tartes,mesogeiakh-tarta
21,almyres-pites-tartes,saitia-me-spanaki
22,almyres-pites-tartes,kotopita-se-rolo
23,almyres-pites-tartes,sfakianh-pita
24,almyres-pites-tartes,ellhniko-kaltsone
25,almyres-pites-tartes,tarta-me-sparaggia-kai-manitaria
26,almyres-pites-tartes,soyfle-spanaki
27,almyres-pites-tartes,almyrh-tarta-me-katsikisio-tyri-kai-praso
28,almyres-pites-tartes,tarta-lachanikwn
29,almyres-pites-tartes,spanakopita-koyroy
30,almyres-pites-tartes,marathopitakia
31,almyres-pites-tartes,almyro-cheesecake-me-chutney
32,almyres-pites-tartes,prasotyropita
33,almyres-pites-tartes,strifth-kaseropita
34,almyres-pites-tartes,anoichta-tyropitakia-me-piperies
35,almyres-pites-tartes,striftes-tyropites-koyroy
36,almyres-pites-tartes,cottage-pie
37,almyres-pites-tartes,aetopita
38,almyres-pites-tartes,eykolh-almyrh-mpoygatsa-me-fyllo-kroystas
39,almyres-pites-tartes,klasikh-kis-loren
40,almyres-pites-tartes,tyropitakia-me-chwriatiko-fyllo-olikhs-aleshs
41,almyres-pites-tartes,saltenas-me-kotopoylo
42,almyres-pites-tartes,agglikh-kotopita
43,almyres-pites-tartes,prasopita-chwris-fyllo
44,almyres-pites-tartes,h-tyropita-ths-mamas-toy-akh
45,almyres-pites-tartes,pita-me-ayga-kai-spanaki
46,almyres-pites-tartes,loykanikopitakia-me-sfoliata
47,almyres-pites-tartes,tarta-ntomatas
48,almyres-pites-tartes,anoichth-pita-me-mwv-patates-peroy
49,almyres-pites-tartes,h-grhgorh-zamponotyropita
50,almyres-pites-tartes,kotopitakia-me-saltsa-caesar
51,almyres-pites-tartes,kis-loren
52,almyres-pites-tartes,kimadopita-me-feta
53,almyres-pites-tartes,atomikes-kis-loren
54,almyres-pites-tartes,makaronopita-me-melitzana
55,almyres-pites-tartes,kimadopitakia
56,almyres-pites-tartes,feteer-almyrh-mpoygatsa
57,almyres-pites-tartes,nhstisimo-wellington-me-manitaria
58,almyres-pites-tartes,maridopita-me-spitiko-fyllo
59,almyres-pites-tartes,almyro-cheesecake-me-glyko-ntomatas
60,almyres-pites-tartes,kolokythopitakia
61,almyres-pites-tartes,zamponotyropita-soyfle
62,almyres-pites-tartes,almyra-muffins-me-mprokolo
63,almyres-pites-tartes,tyropita-skopeloy
64,almyres-pites-tartes,anoichth-pita-me-kreas
65,almyres-pites-tartes,tarta-me-pantzaria-kai-feta
66,almyres-pites-tartes,eykoles-krepes-aithiopias-injeras
67,almyres-pites-tartes,pita-cheeseburger
68,almyres-pites-tartes,zamponotyropita-me-mpesamel
69,almyres-pites-tartes,mesogeiakh-galette-olikhs-aleshs-me-elies
70,almyres-pites-tartes,tyropita-me-sfoliata
71,almyres-pites-tartes,pita-ellhnikh-shmaia
72,almyres-pites-tartes,thganopswmo-me-feta
73,almyres-pites-tartes,patsavoyropita
74,almyres-pites-tartes,tyropitakia-koyroy-me-elies
75,almyres-pites-tartes,tyropita-chwris-gloytenh
76,almyres-pites-tartes,manitaropitakia
77,almyres-pites-tartes,almyro-cheesecake-pantzari
78,almyres-pites-tartes,pitakia-me-garides
79,almyres-pites-tartes,stroyntel-provhgkias
80,almyres-pites-tartes,tyropitaria-me-aygo
81,almyres-pites-tartes,atomika-pithiviers-me-kotopoylo
82,almyres-pites-tartes,tyropita-sfoliata
83,almyres-pites-tartes,pithivier-me-koyneli-kai-thymari
84,almyres-pites-tartes,zamponokaseropita-me-kantaifi
85,almyres-pites-tartes,afrath-tyropita
86,almyres-pites-tartes,flogeres-me-kapnisth-galopoyla
87,almyres-pites-tartes,mplatsaria
88,almyres-pites-tartes,chwriatikh-kotopita
89,almyres-pites-tartes,spanakopita-me-spitikh-zymh-koyroy
90,almyres-pites-tartes,almyra-pitakia
91,almyres-pites-tartes,tarta-me-katsikisio-tyri-kai-spanaki
92,almyres-pites-tartes,grhgorh-zamponotyropita
93,almyres-pites-tartes,manitaropitakia-me-fyllo-kroystas
94,almyres-pites-tartes,anoichth-kapnisth-manitaropita
95,almyres-pites-tartes,pastoyrmadopita
96,almyres-pites-tartes,kimadopita
97,almyres-pites-tartes,eykolh-tyropita-c9339cae-be5b-49d7-b450-897689942af5
98,almyres-pites-tartes,giortino-keik-me-manitaria
99,almyres-pites-tartes,pita-me-sparaggia-kai-kotopoulo
100,almyres-pites-tartes,nhstisimh-chortopita-me-spitiko-fyllo
101,almyres-pites-tartes,poyrakia-me-prosoyto
102,almyres-pites-tartes,pita-me-katsikisio-tyri-kai-praso
103,almyres-pites-tartes,almyra-muffin-me-loykaniko
104,almyres-pites-tartes,fritata-me-feta-kai-myrwdika
105,almyres-pites-tartes,aleyrotyropita
106,almyres-pites-tartes,mpoygatsa-me-tyri-me-fyllo-kroystas
107,almyres-pites-tartes,kotopita
108,almyres-pites-tartes,agglikh-pita-me-kotopoylo-kai-lachanika
109,almyres-pites-tartes,chwriatikh-strifth-tyropita
110,almyres-pites-tartes,eykolo-soyfle
111,almyres-pites-tartes,anapodh-kremmydopita-me-loykanika
112,almyres-pites-tartes,manitaropita
113,almyres-pites-tartes,koyloyropita
114,almyres-pites-tartes,pita-me-spanaki-pligoyri-kai-manitaria
115,almyres-pites-tartes,tarta-me-tyri-krema-kai-ntomatinia
116,almyres-pites-tartes,tarta-me-katsikisio-tyri
117,almyres-pites-tartes,koyloyra-gemisth-me-kotopoylo
118,almyres-pites-tartes,prasopita
119,almyres-pites-tartes,mpastoynia-sfoliatas-me-piperia-flwrinhs-kai-feta
120,almyres-pites-tartes,kis-loren-me-spanaki
121,almyres-pites-tartes,trachanopita
122,almyres-pites-tartes,tarta-me-mprokolo
123,almyres-pites-tartes,pita-toy-voskoy
124,almyres-pites-tartes,napoleon-me-mpiskota-apo-raspberries-kai-krema-tyrioy
125,almyres-pites-tartes,tyropita-koyroy
126,almyres-pites-tartes,almyrh-kolokythopita-chwris-fyllo
127,almyres-pites-tartes,kamamper-me-chutney-mhlo-kai-kranmperis
128,almyres-pites-tartes,sfoliata-me-feta-kai-melitzana
129,almyres-pites-tartes,grhgorh-tyropita-ths-tempelas
130,almyres-pites-tartes,pita-me-patata-kai-krema
131,almyres-pites-tartes,grhgorh-spanakopita
132,almyres-pites-tartes,ogkraten-me-patates-kai-lachanika
133,almyres-pites-tartes,anoichth-spanakopita
134,almyres-pites-tartes,ellhnikh-kis-loren
135,almyres-pites-tartes,kotopitakia-me-mpesamel
136,almyres-pites-tartes,agglikh-pita-me-choirino-kai-lachanika
137,almyres-pites-tartes,tyropita
138,almyres-pites-tartes,melitzanopita-me-feta-kai-valsamiko
139,almyres-pites-tartes,spanakopitakia
140,almyres-pites-tartes,anoichth-pita-me-kima-galopoylas
141,almyres-pites-tartes,prasopitakia
142,almyres-pites-tartes,chortopita-me-feta-kai-giaoyrti
143,almyres-pites-tartes,tyropita-kantaifi
144,almyres-pites-tartes,plastos-me-chorta
145,almyres-pites-tartes,spanakopita
146,almyres-pites-tartes,aygopita-me-kalampoki
147,almyres-pites-tartes,rolakia-me-gemish-portokali-kai-tyri-krema
148,almyres-pites-tartes,pita-toy-voskoy-me-kima-galopoylas
149,almyres-pites-tartes,tarta-me-kolokythakia
150,almyres-pites-tartes,galette-me-seskoyla-kai-manitaria
151,almyres-pites-tartes,pita-me-treis-gemiseis
152,almyres-pites-tartes,pithivier-me-kotopoylo-kai-thymari
153,almyres-pites-tartes,chortopita-me-spitiko-fyllo
154,almyres-pites-tartes,loykanikopitakia-me-mhla-2
155,almyres-pites-tartes,mpoygatsa-me-tyri
156,almyres-pites-tartes,tarta-me-tyria-kai-chutney-ntomatas
157,almyres-pites-tartes,melitzanopita-me-karydia
158,almyres-pites-tartes,tartoyles-me-rokfor-praso-kai-karydia
159,almyres-pites-tartes,anoichth-kimadopita-me-glyko-ntomatas
160,almyres-pites-tartes,paradosiakh-tylichth-tyropita
161,almyres-pites-tartes,mpoyrekia-me-kima
162,almyres-pites-tartes,pita-me-lachanika
163,almyres-pites-tartes,tarta-me-tyria-kai-mpeikon
164,almyres-pites-tartes,patatopita-me-melitzana
165,almyres-pites-tartes,spanakopita-me-feta
166,almyres-pites-tartes,sfoliata-me-feta
167,almyres-pites-tartes,tarta-almyrh-me-kolokytha-kai-karamelwmena-kremmydia
168,almyres-pites-tartes,vash-almyrhs-tartas-apo-ryzi
169,almyres-pites-tartes,kolokythopita-me-feta-kai-valsamiko
170,almyres-pites-tartes,atomikes-tartes-me-aygo-kai-mpeikon
171,almyres-pites-tartes,pita-me-ntomata-kai-kalampoki
172,almyres-pites-tartes,tyropita-soyfle
173,almyres-pites-tartes,atomikes-kis-me-katsikisio-tyri
174,almyres-pites-tartes,pita-me-solomo-kai-glykopatata
175,almyres-pites-tartes,pitakia-me-katsikisio-tyri-karamelwmena-kremmydia
176,almyres-pites-tartes,pita-me-arni
177,almyres-pites-tartes,strata-h-pseytosoyfle
178,almyres-pites-tartes,tyropitakia-koyroy
179,almyres-pites-tartes,kis-me-mpeikon-kai-praso
180,almyres-pites-tartes,tyropitaria
181,almyres-pites-tartes,zamponotiropitakia
182,almyres-pites-tartes,grhgorh-pita-me-tyri-krema
183,almyres-pites-tartes,traganos-plastos
184,almyres-pites-tartes,almyra-cupcakes-me-fyllo-krepas
185,almyres-pites-tartes,tarta-manitarion
186,almyres-pites-tartes,tarta-me-ntomata-kai-motsarela
187,almyres-pites-tartes,kreatopita-me-mosxari-kokkinisto-petivie
188,almyres-pites-tartes,pita-me-galopoyla-kai-praso
189,almyres-pites-tartes,chortopita-me-feta
190,almyres-pites-tartes,tartakia-me-manitaria-kai-mpesamel
191,almyres-pites-tartes,anoichth-pita-me-patata-kolokythaki-kai-tsentar
192,almyres-pites-tartes,scones-me-amygdala
193,almyres-pites-tartes,almyra-cupcakes
194,almyres-pites-tartes,pitarakia-ths-mhloy
195,almyres-pites-tartes,kotopitakia
196,almyres-pites-tartes,atomika-patatostriftaria
197,almyres-pites-tartes,atomikes-pites-me-panseta
198,almyres-pites-tartes,makaronopita-me-fyllo-kroystas
199,almyres-pites-tartes,tarta-ntomatas-me-krasi
200,almyres-pites-tartes,anapodh-kremmydopita
201,almyres-pites-tartes,kaseropita
202,almyres-pites-tartes,tarta-me-katsikisio-tyri-kai-mayra-moyra
203,almyres-pites-tartes,nhstisima-spanakopitakia
204,almyres-pites-tartes,flaoynes
205,almyres-pites-tartes,mpatzina
206,zymarika,makaronia-me-kima
207,zymarika,penes-me-kima-kotopoyloy
208,zymarika,tortelinia-me-tyri-ston-foyrno
209,zymarika,healthy-shakshuka-me-penes-high-protein
210,zymarika,spitika-nioki-me-saltsa-ntomatas
211,zymarika,lazania-me-araka-kai-sparaggia
212,zymarika,zymarika-apo-spanaki
213,zymarika,light-soyfle-me-makaronia-ston-foyrno
214,zymarika,gemista-kochylia-me-kima
215,zymarika,ligkoyini-me-spanaki-kai-thganhta-avga
216,zymarika,penes-primavera
217,zymarika,zymarika-me-pshth-feta-kai-ntomatinia
218,zymarika,vegan-pastitsio
219,zymarika,strasinati-me-kokkinh-saltsa
220,zymarika,penes-me-garides
221,zymarika,light-pastitsio-me-kima-galopoylas
222,zymarika,polychrwmes-taliateles
223,zymarika,light-zymarika-ston-foyrno-me-spanaki-kai-feta
224,zymarika,healthy-kotopoylo-cacciatore-high-protein
225,zymarika,orekiete-me-pesto-kai-loykaniko
226,zymarika,makaronada-me-kima-apo-loykaniko
227,zymarika,spitika-zymarika-me-feta
228,zymarika,healthy-spetsofai-me-penes-high-protein
229,zymarika,makaronada-me-keftedakia
230,zymarika,shakshuka-me-zymarika
231,zymarika,lazania-me-manitaria-kai-feta
232,zymarika,vegan-lazania-me-kima-sogias
233,zymarika,lazania-me-kima-galopoulas
234,zymarika,eykola-lazania-me-kima
235,zymarika,kritharaki-olikhs-me-ntomata-kai-vasiliko
236,zymarika,taliateles-me-solomo
237,zymarika,vegan-mac-n-cheese
238,zymarika,healthy-penes-me-psaronefri-high-protein
239,zymarika,spaggeti-me-solomo-kai-tsipoyro
240,zymarika,healthy-makaronada-me-saltsa-ntomatas-high-protein
241,zymarika,penes-me-votka-kai-solomo
242,zymarika,krya-salata-zymarikwn-me-chtapodi
243,zymarika,mac-n-cheese-light
244,zymarika,caprese-mac-n-cheese
245,zymarika,makaronia-me-kima-apo-mayra-fasolia
246,zymarika,pitsa-apo-zymarika
247,zymarika,healthy-makaronada-me-sparaggia-high-protein
248,zymarika,ellhnikh-makaronada
249,zymarika,vegetarian-burger-apo-kritharaki
250,zymarika,ligkoyini-alle-vongole
251,zymarika,healthy-penes-me-solomo-high-protein
252,zymarika,aythentikh-karmponara
253,zymarika,papardeles-me-aygotaracho
254,zymarika,noodles-me-lachanika
255,zymarika,noodles-me-aygo-pose
256,zymarika,tortelinia-me-tyria-kai-saltsa-voytyroy
257,zymarika,tortelinia-mac-n-cheese-me-4-tyria
258,zymarika,vegan-spaghetti-alfredo
259,zymarika,penes-me-kima-galopoylas
260,zymarika,nioki-glykopatatas-me-skordo
261,zymarika,healthy-makaronada-me-garides-high-protein
262,zymarika,light-karmponara
263,zymarika,skioyfichta-karmponara-me-vasilomanitara
264,zymarika,nioki-ogkraten-me-mprokolo-kai-spanaki
265,zymarika,lazania-me-arni
266,zymarika,achivades-me-pshth-feta-kai-ntomatinia
267,glykes-pites-tartes,tarta-me-marmelada-fraoyla-kai-foyntoykia
268,glykes-pites-tartes,portokalopita-me-kantaifi
269,glykes-pites-tartes,mpoygatsa-me-fistikovoytyro
270,glykes-pites-tartes,portokalopita-me-giaoyrti
271,glykes-pites-tartes,tarta-melioy
272,glykes-pites-tartes,glykia-kolokythopita-me-stafides
273,glykes-pites-tartes,tarta-me-lemoni-kai-raspberries
274,glykes-pites-tartes,tarta-me-rhubarb
275,glykes-pites-tartes,myzhthropitakia-me-meli
276,glykes-pites-tartes,anapodh-tarta-mhloy-tarte-tatin
277,glykes-pites-tartes,tarta-brownies
278,glykes-pites-tartes,tarta-me-pekan-sokolata-kai-karamela
279,glykes-pites-tartes,galette-me-mhla
280,glykes-pites-tartes,pita-me-sokolata-kai-karamelwmena-foyntoykia
281,glykes-pites-tartes,pull-apart-muffins-me-pralina
282,glykes-pites-tartes,lemon-pie
283,glykes-pites-tartes,stroyntel-mhloy-me-krema-simigdali
284,glykes-pites-tartes,sokolatenia-pasta-flwra
285,glykes-pites-tartes,tarta-mpaklava
286,glykes-pites-tartes,pitakia-me-marmelada-se-xylaki
287,glykes-pites-tartes,sfoliata-hlios
288,glykes-pites-tartes,mpoygatsa-me-krema
289,glykes-pites-tartes,melitinia-santorinhs
290,glykes-pites-tartes,palmier-gyalakia
291,glykes-pites-tartes,tarta-leykhs-sokolatas
292,glykes-pites-tartes,vartolillos-diples-gemistes
293,glykes-pites-tartes,tarta-soyfle-me-sokolata-karamela
294,glykes-pites-tartes,lemonopita-me-fyllo-kroustas
295,glykes-pites-tartes,tarta-anana
296,glykes-pites-tartes,mpompota-glykia-me-stafides
297,glykes-pites-tartes,tartakia-me-froyta
298,glykes-pites-tartes,kanelopita
299,glykes-pites-tartes,mhlopita
300,glykes-pites-tartes,tarta-mhloy
301,glykes-pites-tartes,tartakia-margarites
302,glykes-pites-tartes,tarta-amygdaloy
303,glykes-pites-tartes,pitakia-me-mhlo
304,glykes-pites-tartes,torta-della-nonna
305,glykes-pites-tartes,mhlopitakia-me-sfoliata
306,glykes-pites-tartes,tarta-sokolatas-me-karamelwmena-amygdala
307,glykes-pites-tartes,tarta-cheesecake
308,glykes-pites-tartes,tarta-amygdaloy-me-krema-leykhs-sokolatas
309,glykes-pites-tartes,karpoyzopita
310,glykes-pites-tartes,pasta-flwra-me-marmelada-fraoyla
311,glykes-pites-tartes,tarta-diplhs-sokolatas
312,glykes-pites-tartes,sfoliatakia-me-mpananes
313,glykes-pites-tartes,eykolh-mhlopita-dorset
314,glykes-pites-tartes,tarta-me-pekan
315,glykes-pites-tartes,tachinopitakia
316,glykes-pites-tartes,torta-di-sant-antonio-mhlopita-toy-ag-antwnioy
317,glykes-pites-tartes,ergolavoi-me-sokolata
318,glykes-pites-tartes,tarta-me-froyta-toy-dasoys
319,glykes-pites-tartes,nhstisimh-mpoygatsa
320,glykes-pites-tartes,nhstisimh-mhlopita
321,glykes-pites-tartes,pikantiki-tarta-me-achladia
322,glykes-pites-tartes,galatopita
323,glykes-pites-tartes,sokolatenia-galatopita
324,glykes-pites-tartes,gallikh-sokolatopita
325,glykes-pites-tartes,tarta-me-sokolata-kai-fystikovoytyro
326,glykes-pites-tartes,pitakia-me-chalva-kai-mhlo
327,glykes-pites-tartes,anapodh-tarta-me-mpananes-35ed1e2b-d8f5-4f71-a781-6244e4c8dc42
328,glykes-pites-tartes,pites-ths-satzihs
329,glykes-pites-tartes,atomikh-mpoygatsa-me-krema-kai-dyo-sokolates
330,glykes-pites-tartes,tarta-lemoni-me-safran
331,glykes-pites-tartes,tarta-me-marmelada-portokali-8d8ab3e9-838c-4e27-a573-9c905bd4dbd8
332,glykes-pites-tartes,mhlopita-me-kantaifi
333,glykes-pites-tartes,tarta-me-sokolata-kai-karamela
334,glykes-pites-tartes,tarta-sokolatas-kardia
335,glykes-pites-tartes,pitakia-me-tachini
336,glykes-pites-tartes,glykia-pita-kolokythas
337,glykes-pites-tartes,tarta-diplhs-sokolatas-kai-karamelas
338,glykes-pites-tartes,tarta-me-dulce-de-leche
339,glykes-pites-tartes,tarta-sokolatas-me-maregka
340,glykes-pites-tartes,tarta-lemonioy
341,glykes-pites-tartes,tarta-me-fraoyles-chwris-gloytenh
342,glykes-pites-tartes,tartakia-me-karyda-kai-karoto
343,glykes-pites-tartes,tarta-me-amygdala-kai-cranberries
344,glykes-pites-tartes,mpoygatsa-me-froyta-toy-dasoys
345,glykes-pites-tartes,tarta-me-krema-chamomhli
346,glykes-pites-tartes,vash-gia-glykes-tartes
347,glykes-pites-tartes,tartes-me-tyri-krema-kai-myrtila
348,glykes-pites-tartes,portokalopita
349,glykes-pites-tartes,tarta-lemoni-pralina
350,glykes-pites-tartes,tartakia-me-fystikovoytyro-kai-marmelada
351,glykes-pites-tartes,pita-me-glykopatata-kai-feta
352,glykes-pites-tartes,tarta-triplhs-sokolatas
353,glykes-pites-tartes,pitakia-me-paparoynosporo
354,glykes-pites-tartes,tarta-kolokythas
355,glykes-pites-tartes,tarta-me-froyta-kai-amygdalopasta
356,glykes-pites-tartes,atomikh-mpoygatsa-me-spitiko-fyllo
357,glykes-pites-tartes,tarta-me-sokolata-galaktos-tzintzer-kai-karamelwmeno-anana
358,glykes-pites-tartes,fanoyropita
359,glykes-pites-tartes,glykia-kolokythopita
360,salates,salata-me-kokkina-mhla
361,salates,patatosalata-me-avga
362,salates,salata-me-glykopatates-kai-manitaria
363,salates,salata-me-avokanto-fraoyles-kai-glykes-tortigies
364,salates,salata-me-esperidoeidh-kai-garides
365,salates,makaronosalata
366,salates,zesth-salata-me-fasolakia-kai-blue-cheese
367,salates,salata-me-mpalitses-tyrioy
368,salates,cheimwniatikh-salata-me-manoyri
369,salates,anameikth-salata-me-solomo
370,salates,salata-me-fasolia-kai-chorta
371,salates,asiatikh-salata-me-kolokythakia
372,salates,salata-toy-sef-akh
373,salates,salata-me-pasteli-amygdaloy
374,salates,salata-me-pshta-lachanika
375,salates,kalokairinh-salata-me-froyta-kai-katsikisio-tyri
376,salates,salata-me-kolokytha-kai-mpeikon
377,salates,salata-me-pantzaria-toyrsi-kai-feta
378,salates,fakoryzo-me-karamelwmena-kremmydia
379,salates,salata-me-kolokythakia-kai-sparaggia
380,salates,pikantikh-salata-me-kotopoylo-kai-manitaria
381,salates,kalokairinh-salata-me-solomo
382,salates,salata-kapreze
383,salates,salata-se-sfoliata
384,salates,salata-me-kolokythakia-kai-fakes
385,salates,salata-me-pshta-karota-rovitsa-kinoa-kai-ntomatinia
386,salates,mesogeiakh-salata-me-kechri
387,salates,patatosalata-me-ntomates
388,salates,fakosalata-me-tono
389,salates,anameikth-salata-me-karpatsio-tonoy
390,salates,salata-me-fasolakia-kai-kalamarakia
391,salates,patatosalata
393,salates,pantzaria-glase-me-feta-kai-menta
394,salates,salata-sto-mantolino
395,salates,salata-me-fakes-melitzana-kai-giaoyrti
396,salates,glykoxinh-salata-me-fasolia
397,salates,salata-me-zymarika-kai-kotopoylo
398,salates,cheimwniatikh-salata-me-pantzari-kai-rodi
399,salates,zesth-salata-me-fasolakia-kai-garides
400,salates,salata-me-ntomates-kai-pswmi-panzanella
401,salates,salata-ellhnikh-shmaia
402,salates,salata-me-kapnisto-solomo
403,salates,salata-me-agkinares
404,salates,politikh-salata
405,salates,nhstisimh-zesth-salata-me-fasolakia
406,salates,karpoyzi-me-feta
407,salates,rwsikh-salata
408,salates,salata-me-revithia
409,salates,salata-coleslaw
410,salates,patatosalata-me-giaoyrti
411,salates,chwriatikh-salata
412,salates,tonosalata-me-zymarika-olikhs-alesews
413,salates,cheimwniatikh-salata-me-achladia-kai-blue-cheese
414,salates,salata-me-kotopoylo-kai-sos-giaoyrtioy-2
415,salates,salata-me-fagopyro-kai-pantzaria
416,salates,salata-me-kotopoylo-kai-achladia
417,salates,patatosalata-me-sparaggia-kai-araka
418,salates,caesar-salad
419,salates,krya-salata-me-zymarika-kai-saltsa-pesto
420,salates,glykopatatosalata
421,salates,salata-me-pligoyri-kastana-kai-rodi
422,salates,healthy-salata-me-penes-high-protein
423,salates,prasinh-patatosalata
424,salates,grhgorh-salata-me-pantzaria
425,salates,prasinh-salata-me-apoxhramena-syka-kai-blue-cheese
426,salates,exwtikh-salata-me-lachano
427,salates,salata-me-pligoyri-rodakino-kai-kotopoylo
428,salates,salata-me-antiv-achladia
429,salates,salata-me-spanaki-maroyli-frize-kai-fraoyles-622b2456-31e3-4586-9114-c24ac8579f4c
430,salates,pikantikh-salata-me-karpoyzi
431,salates,salata-me-finokio-portokali-kai-kappari
432,salates,salata-esperidoeidwn-me-finokio
433,salates,salata-me-kotopoylo
434,salates,salata-me-pantzaria-kai-gkorgkontzola
435,salates,antioxeidwtikh-salata
436,salates,salata-zesth-me-kolokytha-revithia-kai-saltsa-apo-tachini
437,salates,salata-me-fakes-kai-feta-vonitsas
438,salates,salata-nisoyaz
439,salates,salata-me-glykopatates
440,salates,salata-me-agrioryzo-kai-chaloymi
441,salates,salata-me-mayromatika-fasolia-kai-ryzi
442,salates,kalokairinh-salata-me-aggoyria-kai-kolokythakia
443,salates,krhtikos-ntakos
444,salates,salata-me-karoto-kai-feta
445,salates,salata-me-pligoyri-kai-feta
446,salates,salata-me-pshta-kolokythakia
447,salates,salata-me-lachano-kai-karoto
448,salates,salata-me-pshto-mprokolo
449,ryzi-amp-patates,rizoto-me-pantzaria
450,ryzi-amp-patates,lachanoryzo
451,ryzi-amp-patates,patatokeftedes
452,ryzi-amp-patates,spitika-tsips-patatas
453,ryzi-amp-patates,patates-ogkraten-me-mayrh-mpira
454,ryzi-amp-patates,kritharoto-me-kalamarakia-kai-spanaki
455,ryzi-amp-patates,arancini
456,ryzi-amp-patates,mpiftekia-kinoas-me-poyre-kolokasi
457,ryzi-amp-patates,rizoto-me-pesto-vasilikoy
458,ryzi-amp-patates,thganhto-ryzi-me-kotopoylo-kai-garides
459,ryzi-amp-patates,paegia-me-kotopoylo
460,ryzi-amp-patates,patates-ntoysez
461,ryzi-amp-patates,paegia-me-thalassina
462,ryzi-amp-patates,kalokairino-rizoto
463,ryzi-amp-patates,rizoto-kolokythas
464,ryzi-amp-patates,rizoto-me-soypies
465,ryzi-amp-patates,nhstisimes-gemistes-glykopatates
466,ryzi-amp-patates,patates-pshtes-ston-foyrno
467,ryzi-amp-patates,thganhto-ryzi-apo-koynoypidi
468,ryzi-amp-patates,thganhtes-patates-foyrnoy
469,ryzi-amp-patates,kritharoto-me-moschari
470,ryzi-amp-patates,patates-spiral-me-loykaniko-mpeikon-kai-tyria
471,ryzi-amp-patates,prasoryzo
472,ryzi-amp-patates,soysi
473,ryzi-amp-patates,rizoto-me-troyfa
474,ryzi-amp-patates,gemistes-glykopatates
475,ryzi-amp-patates,rizoto-me-garides-kai-melitzana
476,ryzi-amp-patates,kineziko-ryzi-me-lachanika
477,ryzi-amp-patates,patates-lorraine
478,ryzi-amp-patates,patates-giachni
479,ryzi-amp-patates,rizoto-me-kotopoylo
480,ryzi-amp-patates,traganes-patates-pane-me-sws-tachini
481,ryzi-amp-patates,trachanoto-me-pantzari-kai-kotopoulo
482,ryzi-amp-patates,patates-me-ayga-ston-foyrno
483,ryzi-amp-patates,ellhnikh-paegia
484,ryzi-amp-patates,rizoto-me-thalassina
485,ryzi-amp-patates,patates-ntarfin-me-ayga
486,ryzi-amp-patates,thganhtes-patates
487,ryzi-amp-patates,rizoto-me-lemoni
488,ryzi-amp-patates,glykopatates-rosti-me-ayga-pose
489,ryzi-amp-patates,pikantiko-ryzi-pantzarioy
490,ryzi-amp-patates,rizoto-lachanikwn-nhstisimo
491,ryzi-amp-patates,kritharoto-se-15-lepta
492,ryzi-amp-patates,persiko-pilafi-me-arni
493,ryzi-amp-patates,kari-glykopatatas
494,ryzi-amp-patates,ntolmadakia-gialantzi
495,ryzi-amp-patates,glykopatates-me-mpeikon-kai-pesto-karydas
496,ryzi-amp-patates,staroto
497,ryzi-amp-patates,poyres-patatas
498,ryzi-amp-patates,gemistes-patates-me-loykaniko
499,ryzi-amp-patates,pilafi-me-kotopoylo-kai-lemoni
500,ryzi-amp-patates,patates-lionez
501,ryzi-amp-patates,patates-ogkraten
502,ryzi-amp-patates,rizoto-me-thalassina-kai-tachini
503,ryzi-amp-patates,rizoto-me-manitaria
504,ryzi-amp-patates,pancakes-me-patates
505,ryzi-amp-patates,rizoto-me-sparaggia
506,ryzi-amp-patates,rizoto-me-ntomatinia
507,ryzi-amp-patates,tsips-glykopatatas
508,ryzi-amp-patates,patates-foyrnoy-me-tyria
509,ryzi-amp-patates,poyres-glykopatatas
510,ryzi-amp-patates,ryzi-mpasmati
511,ryzi-amp-patates,prasino-rizoto
512,ryzi-amp-patates,staroto-thalassinwn
513,ryzi-amp-patates,paella
514,ryzi-amp-patates,pshtes-patates-me-karamelwmena-kremmydia-patates-lionez
515,ryzi-amp-patates,kritharoto-me-spanaki-kai-feta
516,ryzi-amp-patates,rizoto-milaneze
517,ryzi-amp-patates,spanakoryzo-me-avgo
518,mpiskota,mpiskota-voytyroy-me-zacharopasta
519,mpiskota,paidika-mpiskota-me-vromh-kai-sokolata
520,mpiskota,soft-cookies
521,mpiskota,koyloyrakia-gemista-me-glyko-toy-koytalioy-stafyli
522,mpiskota,cookies-me-fistikia-aiginhs
523,mpiskota,vasikh-zymh-gia-mpiskota
524,mpiskota,koyloyrakia-me-amarantho
525,mpiskota,mpiskota-me-vrwsima-loyloydia
526,mpiskota,grhgora-soft-cookies
527,mpiskota,cookies-me-3-ylika
528,mpiskota,vegan-mpiskota-me-linarosporo
529,mpiskota,eykolo-gingerbread-house
530,mpiskota,jaffa-cakes
531,mpiskota,mpiskota-prwte-nhs
532,mpiskota,paidika-mpiskota-charakas
533,mpiskota,mpiskotomaregkakia-me-moys-sokolatas
534,mpiskota,paschalina-koyloyrakia
535,mpiskota,spitika-chwnakia-pagwtoy
536,mpiskota,mpiskota-triplhs-sokolatas
537,mpiskota,mpiskota-voytyroy-me-4-ylika
538,mpiskota,mpiskota-vromhs
539,mpiskota,giant-cookie-ellhnikh-shmaia
540,mpiskota,gdpr-cookies
541,mpiskota,cookies-vanilias
542,mpiskota,mpiskota-gemista-me-sokolata-kai-marshmallows
543,mpiskota,kapela-magissas-gemista-me-sokolata
544,mpiskota,biscotti-me-amygdala
545,mpiskota,mpiskota-me-chalva
546,mpiskota,mpiskota-vromhs-me-krema
547,mpiskota,eykola-mpiskota-kanelas
548,mpiskota,cookies-sokolatas
549,mpiskota,thganhta-mpiskota-se-xylaki
550,mpiskota,zymh-gia-5-mpiskota
551,mpiskota,amygdalwta-me-sokolata
552,mpiskota,cookies-me-zacharh-karydas
553,mpiskota,chocolate-chip-cookie-cake
554,mpiskota,vegan-mpiskota-me-energo-anthraka
555,mpiskota,koyloyrakia-me-parathyra
556,mpiskota,sokolatenia-mpiskotakia-dentrolivanoy
557,mpiskota,mpiskota-me-voytyro-amygdaloy
558,mpiskota,christoygenniatika-mpiskota
559,mpiskota,mpiskota-lemonioy
560,mpiskota,mpiskota-santoyits-red-velvet
561,mpiskota,mpiskota-lebkuchen
562,mpiskota,koyloyrakia-paschalina
563,mpiskota,mpiskota-martakia
564,mpiskota,sfhnakia-apo-mpiskoto
565,mpiskota,petit-four-voythmata
566,mpiskota,malaka-mpiskota-me-gemish
567,mpiskota,flwrentines-me-portokali-kai-amygdala
568,mpiskota,mpiskota-gemista-me-krema-fraoylas-kai-leykh-sokolata
569,mpiskota,mpiskota-me-4-ylika
570,mpiskota,mpiskota-me-prasino-tsai
571,mpiskota,mpiskota-kanelas-kai-fystikovoytyroy
572,mpiskota,koyloyrakia-kafe-chwris-pshsimo
573,mpiskota,mpiskota-me-tzintzer
574,mpiskota,scones-me-sokolata-kai-fraoyla
575,mpiskota,mpiskota-ntomatas-me-pesto-vasilikoy
576,mpiskota,mpiskota-me-pralina-sokolatas
577,mpiskota,savagiar
578,mpiskota,klasika-paschalina-koyloyrakia
579,mpiskota,mpiskota-voytyroy-me-gemish-pralinas-sokolata
580,mpiskota,christoygenniatika-spitakia
581,mpiskota,sokolatenia-gemista-mpiskota-me-krema
582,mpiskota,christoygenniatiko-karavi
583,mpiskota,almyra-mpiskota-me-kopanisth
584,mpiskota,mpiskota-voytyroy
585,mpiskota,koyloyrakia-me-elaiolado-kai-portokali
586,mpiskota,paschalina-kokkina-mpiskota
587,mpiskota,pitsa-mpiskotoy-gemisth-me-sokolata
588,mpiskota,mpiskotoloykoyma
589,mpiskota,scones-me-marmelada-damaskhno
590,mpiskota,mpiskota-banoffee
591,mpiskota,afrata-sokolatenia-mpiskota
592,mpiskota,whoopie-pies-me-menta-kai-sokolata
593,mpiskota,paidika-koyloyrakia
594,mpiskota,germanika-koyloyrakia
595,mpiskota,koyloyrakia-gemista-me-marmelada
596,mpiskota,ergolavoi
597,mpiskota,mpiskota-kanelas
598,mpiskota,malaka-mpiskota-triplis-sokolatas
599,mpiskota,gingerbread-cookies
600,mpiskota,koyloyrakia-me-lemoni-kai-kardamo
601,mpiskota,moystokoyloyra
602,mpiskota,dantelenia-mpiskota
603,mpiskota,mpoykies-me-mpiskoto-sokolata-kai-foyntoykia
604,mpiskota,mpiskota-me-foyntoykia-kai-elaiolado
605,mpiskota,mpiskota-me-fraoyla-kai-karyda
606,mpiskota,biscotti-vanilias
607,mpiskota,dichrwma-koyloyrakia
608,mpiskota,mpiskota-karydas
609,mpiskota,mpiskota-fystikovoytyroy-gemista-me-pralina-sokolatas
610,mpiskota,kalokairina-mpiskota-voytyroy
611,glyka,moelleux-fraoyla
612,glyka,mpezedes
613,glyka,gingerbread-brownies
614,glyka,zele-se-karpoyzi
615,glyka,glyko-psygeioy-me-savagiar-kai-sokolata
616,glyka,brownies-me-vash-maregkas
617,glyka,spitiko-zele-me-froyta
618,glyka,gemisth-sfoliata-me-sokolata
619,glyka,zele-krasioy-me-stafylia
620,glyka,indokarydo-me-kerasi
621,glyka,koyrampiedes-gemistoi-me-sokolata
622,glyka,grhgora-donuts
623,glyka,diples
624,glyka,mhloloykoymades
625,glyka,atomika-glyka-me-pop-korn
626,glyka,moys-sokolatas
627,glyka,cheesecake-glykopatatas
628,glyka,chalvas-me-mantarini-kai-sokolata
629,glyka,glyko-psygeioy-melissoyles
630,glyka,pavlova-me-kokkina-froyta-kai-leykh-sokolata
631,glyka,tarta-krem-mproyle
632,glyka,maregkes-kolokytha
633,glyka,pasta-sokolatina
634,glyka,vegan-sokolatakia
635,glyka,sokolatenia-glastrakia
636,glyka,fytoyres-zakynthoy
637,glyka,flexi-chocolate
638,glyka,paradosiakoi-koyrampiedes
639,glyka,cookie-pops
640,glyka,panakota-amygdaloy
641,glyka,toyrta-mirror-glaze
642,glyka,cheesecake-mpiskoto
643,glyka,spooky-maregkes-fantasmatakia
644,glyka,troyfes-me-kastana
645,glyka,vegan-pralina-sokolatas
646,glyka,atomikes-pavloves
647,glyka,mpol-kardia-apo-sokolata
648,glyka,blondie
649,glyka,pancakes-sokolatas
650,glyka,kroyasan-mpanofi
651,glyka,moys-pralinas-se-5-lepta
652,glyka,stollen-me-leykh-sokolata
653,glyka,moelleux-me-sokolata-kai-kafe
654,glyka,mini-pancakes-se-xylaki
655,glyka,sokolatenies-atomikes-pavloves-me-kokkina-froyta
656,glyka,grhgoroi-loykoymades
657,glyka,christoygenniatiko-dentro-apo-maregkes
658,glyka,panakota-me-kafe-kai-rofhma-amygdaloy
659,glyka,moys-moka
660,glyka,scones-me-sokolata-kai-cranberries
661,glyka,sokolatenio-glykisma-se-10
662,glyka,pralina-foyntoykioy-sokolatas
663,glyka,chalvas-red-velvet-me-fistiki-kai-triantafyllo
664,glyka,makaron-me-italikh-maregka
665,glyka,brownie-christoygenniatiko-dentro
666,glyka,glyko-psygeioy-me-passion-fruit
667,glyka,mini-donuts-foyrnoy
668,glyka,milfeig-montee-banoffee
669,glyka,cheesecake-aktinidio
670,glyka,grhgoro-calzone-sokolata-mpanana
671,glyka,soyfle-sokolatas-sth-chytra-tachythtas
672,glyka,tsoyreki-me-chalva
673,glyka,trifle-me-moys-sokolatas-kai-froyta
674,glyka,panakota-me-katiki
675,glyka,soyfle-sokolatas-me-fyllo-kroystas
676,glyka,koykoynaria-apo-sokolata
677,glyka,moys-fraoylas
678,glyka,stik-karydas
679,glyka,soyfle-fraoylas
680,glyka,ravani-me-karamela
681,glyka,koyrampiedes
682,glyka,cinnamon-rolls
683,glyka,toyrta-karyda-sokolata
684,glyka,milfeig-me-fyllo-olikhs
685,glyka,ekxylisma-vanilias
686,glyka,vrwsimo-prwtomagiatiko-stefani
687,glyka,chalvas-me-portokali-kai-sokolata
688,glyka,giaoyrtoglyko-me-froyta
689,glyka,ekler-me-sokolata-galaktos-kai-tzintzer
690,glyka,cheesecake
691,glyka,maregkes-me-portokali-kai-kardamo
692,glyka,toyrta-opera-me-kardamo-kai-portokali
693,glyka,cheesecake-me-dhmhtriaka
694,glyka,sokolatenio-koyti
695,glyka,sokolatenio-loyloydi
696,glyka,elvetikh-maregka
697,glyka,mwsaiko-me-kastano
698,glyka,kormos-pagwtoy-me-vissina
699,glyka,zele-se-xylaki
700,glyka,sokolatenies-mpoykies-me-choyrmades
701,glyka,vegan-moys-sokolatas-me-2-ylika
702,glyka,sokolatenia-toyrta
703,glyka,stroyntel-mhloy-me-spitiko-fyllo
704,glyka,mug-cake-me-3-ylika
705,glyka,cupcake-burger
706,glyka,kopegchagi
707,glyka,vegan-krem-mproyle
708,glyka,glykisma-me-sokolata-kai-fistikovoytyro
709,glyka,cheesecake-stratsiatela
710,glyka,brownies-cheesecake
711,glyka,ekmek-me-tsoyreki
712,glyka,moys-leykhs-sokolatas-me-tyri-krema-kai-froyta-toy-dasoys
713,glyka,tartakia-churros
714,glyka,moystaleyria-me-petimezi
715,glyka,makaron-agios-vasilhs
716,glyka,flogeres-me-mpanana-kai-pralina
717,glyka,cruffins-voytyroy
718,glyka,poyrakia-me-loykoymia-kai-sokolata
719,glyka,toyrta-espresso
720,glyka,donuts-me-patata
721,glyka,mhlopitakia-me-kastana
722,glyka,eykolo-tsoyreki
723,glyka,politiko-thessalonikhs
724,glyka,tsoyreki-me-kafe
725,glyka,brownies-kardoyles
726,glyka,mhlopita-me-patiseri
727,glyka,loykoymia
728,glyka,anatolitikh-pavlova
729,glyka,glyko-se-schhma-lemoni
730,glyka,anapodh-mhlopita-me-sokolata
731,glyka,paradosiakoi-loykoymades
732,glyka,toyrta-monokeros
733,glyka,galaktofetes-me-sokolata
734,glyka,glyka-kritsinia-sfoliatas
735,glyka,troyfakia-amygdaloy
736,glyka,mince-pies
737,glyka,toyrta-red-velvet-me-pantzari
738,glyka,sokolatenio-salami-arwmatismeno-me-pergamonto
739,glyka,melopita
740,glyka,fonty-fondue-sokolatas
741,glyka,trifle-me-moys-giaoyrtioy
742,glyka,ryzogalo
743,glyka,poytigka-sokolatas
744,glyka,cupcakes-triplhs-sokolatas
745,glyka,melomakarona-gemista-me-damaskhna
746,glyka,mhlopita-me-pswmi
747,glyka,pws-ftiachnoyme-maregka
748,glyka,moys-chalva
749,glyka,krem-mproyle-leykhs-sokolatas
750,glyka,moys-me-melomakarona
751,glyka,cheesecake-me-vatomoyra
752,glyka,cheesecake-me-gemista-mpiskota
753,glyka,poytigka-me-sokolata-galaktos-kai-mpanana
754,glyka,cinnamon-rolls-me-saltsa-karamelas
755,glyka,makaron-kardia
756,glyka,fwlies-apo-indokarydo
757,glyka,melomakarona-me-sokolata
758,glyka,toyrta-me-melomakarona
759,glyka,christoygenniatikos-kormos-me-sokolata
760,glyka,moelleux-tapsioy
761,glyka,kormos-leykhs-sokolatas
762,glyka,tychera-mpiskota-fortune-cookies
763,glyka,eykolh-tarta-sokolatas
764,glyka,sokolatenia-gleifitzoyria
765,glyka,karydopita-maregkath
766,glyka,sokolatenio-paschalino-aygo
767,glyka,kormos-sokolatas-me-zacharoycho-gala
768,glyka,stroyntel-me-mhla-kai-spitiko-fyllo
769,glyka,tsoyreki-santoyits
770,glyka,eukoli-blackforest-se-potiri
771,glyka,nhstisimh-black-forest
772,glyka,troyfes-sokolatas-me-4-ylika
773,glyka,cheesecake-mpanana
774,glyka,krema-karamele-portokali
775,glyka,brownies-sokolatas-me-alati
776,glyka,christoygenniatikh-toyrta-me-dentrakia
777,glyka,pikantikh-mhlopita
778,glyka,pancakes-me-3-ylika
779,glyka,flan
780,glyka,monkey-bread-mhlo
781,glyka,vegan-brownies-me-marshmallows
782,glyka,toyrta-leykhs-sokolatas
783,glyka,kypriakes-flaoynes
784,glyka,christoygenniatika-volovan
785,glyka,aygofetes-me-dhmhtriaka
786,glyka,fudge-me-leykh-sokolata
787,glyka,krem-mproyle-me-glyko-kydwni
788,glyka,paris-brest
789,glyka,lemon-curd
790,glyka,chalvas-simigdalenios
791,glyka,kollyva
792,glyka,cheesecake-me-laim-kai-avokanto
793,glyka,chalvas-me-gala
794,glyka,kokakia
795,glyka,toyrta-dwro
796,glyka,maregkes-stroymfakia
797,glyka,eykolh-moys-sokolatas
798,glyka,grhgorh-mpoygatsa-glykia
799,glyka,vasilopita-ekmek
800,glyka,christoygenniatika-brownies-me-kerasia-glase
801,glyka,tarta-sokolatas
802,glyka,ekmek-me-melomakarona
803,glyka,krepes-me-karamela-kai-portokali
804,glyka,danezika-glykismata
805,glyka,sokolatenio-burger
806,glyka,keik-amygdaloy-me-karamela
807,glyka,pshta-achladia-se-atomikes-pites
808,glyka,mamadistiko-glyko-me-zele
809,glyka,pasta-pontikaki
810,glyka,giaoyrtoglyko-me-zele-kai-fraoyles
811,glyka,glyko-psygeioy-me-fraoyles
812,glyka,sokolatenia-sfaira
813,glyka,poytigka-kolokythas-me-giaoyrti
814,glyka,moychalempi
815,glyka,cheesecake-me-leykh-sokolata-kai-raspberries
816,glyka,moystos-petimezi
817,glyka,spitikh-khrhthra-honeycomb
818,glyka,moelleux
819,glyka,atomika-tartakia-sokolatas-foyntoykioy
820,glyka,soyfle-me-sokolata-galaktos
821,glyka,pretsel-me-karameles-kai-sokolata
822,glyka,paradosiako-mwsaiko
823,glyka,pestili-me-vanilies
824,glyka,methysmena-nhstisima
825,glyka,kormos-sokolatas-chwris-mixer
826,glyka,kormos-kastano
827,glyka,grhgores-mpares-lemonioy
828,glyka,pita-sokolatas
829,glyka,sokolatakia-charoypioy
830,glyka,soyfle-black-forest
831,glyka,carrot-cake-chwris-gloytenh
832,glyka,trifle
833,glyka,moys-sokolatas-me-fraoyles
834,glyka,pshtes-mpananes-gemistes-me-sokolata-kai-marshmallows
835,glyka,cupcakes-me-lemoni-kai-karyda
836,glyka,fwlies-maregkas-me-moys-sokolatas-kai-achladia-pose
837,glyka,glyko-psygeioy-me-mpiskota-pti-mper
838,glyka,kantaifi-me-krema
839,glyka,tsoyreki-me-tachini
840,glyka,atomika-banoffee
841,glyka,calzone-me-pralina-foyntoykioy
842,glyka,kormos-maregkas-me-gemish-moka
843,glyka,christoygenniatikh-toyrta
844,glyka,pavlova-me-rodakina
845,glyka,cheesecake-me-sokolata-kai-karamela
846,glyka,zele-me-vrwsima-loyloydia
847,glyka,pralina-foyntoykioy
848,glyka,santigi
849,glyka,christoygenniatikos-kormos-me-frouta-tou-dasoys
850,glyka,pancakes
851,glyka,troyfakia-me-karyda
852,glyka,keik-me-gemish-cheesecake
853,glyka,zele-sokolatas-me-krema-coffee-anglaise
854,glyka,mini-cinnamon-rolls-se-xylaki
855,glyka,pshta-mhla
856,glyka,mug-cake
857,glyka,sfoliatines-me-pralina
858,glyka,kormos-sokolatas-mwsaiko
859,glyka,karydopita-me-kolokythakia
860,glyka,krema-piatoy-vanilias
861,glyka,mpares-me-vrwmh-kai-xhroys-karpoys-ac449535-5ab0-454e-b4be-6365661b5c6f
862,glyka,vanilia-ypovrychio
863,glyka,tsoyreki-gemisto-me-sokolata-kai-karydia
864,glyka,mwsaiko-me-koyrampiedes
865,glyka,tiramisoy-me-froyta
866,glyka,christoygenniatikes-maregkes
867,glyka,tartakia-me-karamela
868,glyka,toyrta-tiramisoy
869,glyka,lalaggia
870,glyka,tsoureki-me-leyki-sokolata-kai-kastano
871,glyka,glyko-psygeioy-me-myrtila
872,glyka,germaniko-kezekoychen-paradosiako-germaniko-cheesecake-chwris-vash
873,glyka,panforte-me-sokolata
874,glyka,choyrmades-gemistoi-me-tyri-krema
875,glyka,milfeig-mpananas
876,glyka,chalvas-simigdalenios-me-portokali
877,glyka,karameles-galaktos
878,glyka,pavlova-sokolatas
879,glyka,ellhniko-cheesecake-me-giaoyrti
880,glyka,poytigka-sokolatas-me-tyri-krema
881,glyka,kariokes
882,glyka,diples-gemistes-me-sokolata
883,glyka,panakota-me-giaoyrti-kai-meli
884,glyka,kerasma-diplhs-sokolatas
885,glyka,chalvas-farsalwn
886,glyka,melopita-se-tarta
887,glyka,poytigka-karpoyzi
888,glyka,cake-pops
889,glyka,glyko-se-schhma-mhlo
890,glyka,troyfes-me-pralina-amygdaloy
891,glyka,vanilia-krem-mproyle
892,glyka,mpares-sokolatas-me-kolokythosporo
893,glyka,churros-me-sokolata-galaktos
894,glyka,toyrta-sokolata-kastano
895,glyka,kormos-me-sokolata-tachini-kai-meli
896,glyka,troyfakia-leykhs-sokolatas-me-mantarini
897,glyka,grhgoro-stroyntel-mhloy
898,glyka,anapodh-mhlopita
899,glyka,loykoymades-red-velvet
901,glyka,amerikaniko-cheesecake
902,glyka,krem-mproyle-me-raspberries
903,glyka,chalvas-foyrnoy-me-portokali
904,glyka,vrwsima-konfeti
905,glyka,christoygenniatika-rolakia
906,glyka,kioynefe-me-feta
907,glyka,troyfes-me-kafe
908,glyka,plexoyda-me-krema-vanilia-kai-karamelwmena-karydia
909,glyka,poyres-kastano
910,glyka,fwlia-kantaifioy-me-krema-portokali-kai-freska-froyta
911,glyka,exwtiko-ryzogalo
912,glyka,krema-sokolatas-me-crumble-kai-santigy
913,glyka,nhstisima-brownies
914,glyka,makaron
915,glyka,nhstisimo-keik
916,glyka,cheesecake-kastano
917,glyka,kroyasan-voytyroy
918,glyka,loykoymades-apo-keik-mpananas
919,glyka,kioynefe
920,glyka,baked-hawaiian-islands
921,glyka,christoygenniatikh-poytigka
922,glyka,krema-anglaise
923,glyka,krema-patiseri
924,glyka,milfeig-me-gemish-fystikovoytyro
925,glyka,troyfes-me-fystikia-kai-liker-amygdalo
926,glyka,sokolatakia-me-mpanana-kai-vrwmh
927,glyka,amygdalopita-me-pikramygdalo
928,glyka,cannoli
929,glyka,grhgorh-pralina-sokolatas
930,glyka,cheesecake-me-melomakarona
931,glyka,sokolatenia-pizza
932,glyka,ygro-keik-me-pralina-foyntoykioy
933,glyka,ryzogalo-me-syka
934,glyka,panakota-me-leykh-sokolata-kai-crumble-foyntoykioy
935,glyka,mhlopitakia-se-schhma-triantafyllo
936,glyka,cheesecake-pavlova
937,glyka,sokolatopita-kolash
938,glyka,grigoro-glyko-me-tsoureki
939,glyka,siropiasto-me-xhroys-karpoys
940,glyka,sticky-toffee-pudding
941,glyka,cheesecake-sth-chytra-tachythtas
942,glyka,cheesecake-lemoni
943,glyka,grhgoroi-koyrampiedes
944,glyka,politiko-tsoyreki
945,glyka,floating-islands-me-karamela
946,glyka,cupcakes-vanilias-me-voytyrokrema
947,glyka,arwmatikos-chylos-me-pligoyri-kai-kolokytha
948,glyka,keik-sokolatas-me-kokkino-krasi
949,glyka,ta-melomakarona-toy-akh
950,glyka,ekmek-kantayifi
951,glyka,poyrakia-me-pralina-foyntoykioy-kai-karydia
952,glyka,karamelwmena-portokalia-voythgmena-se-sokolata
953,glyka,cheesecake-me-kolokytha
954,glyka,epidorpio-giaoyrtioy
955,glyka,ekler
956,glyka,pshta-achladia-me-krasi-kai-cranberries
957,glyka,troyfes-sokolatas
958,glyka,roulade-banoffee
959,glyka,varvara-christoygenniatikh
960,glyka,trilogia-sokolatas
961,glyka,toyrta-pagwto-karamela-me-mpiskota
962,glyka,mpraoyni-me-sokolata-kai-tachini
963,glyka,tragana-achladia-me-kastano-voytyro
964,glyka,ntonats
965,glyka,rola-kanelas
966,glyka,cheesecake-me-pralina-sokolatas
967,glyka,mpoygatsa-me-achladia
968,glyka,brownies-me-mayrh-mpyra-kai-marmelada-fraoyla
969,glyka,grhgorh-toyrta-me-savagiar
970,glyka,stollen
971,glyka,cheesecake-fraoylas
972,glyka,mpares-me-marshmallow-kai-dimitriaka
973,glyka,toyrta-me-fraoyles-kai-maskarpone
974,glyka,croquembouche-me-patiseri-leukis-sokolatas
975,glyka,marshmallows
976,glyka,rodakina-toyrsi
977,glyka,sokolatenies-flwrentines-me-kraker
978,glyka,trigwna-panoramatos
979,glyka,banoffee
980,glyka,maregkes-me-glykaniso
981,glyka,cheesecake-karpoyzi
983,glyka,verikoka-sote-me-krhtikh-graviera
984,glyka,sokolatakia-leykhs-sokolatas
985,glyka,krepes
986,glyka,troyfes-galaktos-me-mpiskota
987,glyka,sauce-karamelas-voytyroy
988,glyka,moys-sokolatas-me-elaiolado-kai-pikantika-karydia
989,glyka,flogeres-me-mpanana-kai-sokolata
990,glyka,koyrkoympinia
991,glyka,mpampades-me-roymi
992,glyka,sokolatenia-krema
993,glyka,christoygenniatiko-dentro
994,glyka,panakota
995,glyka,troyfes-sokolatas-me-pikramygdalo
996,glyka,glyko-me-tzintzer
997,glyka,sokolatenia-sandwiches
998,glyka,glyko-me-anana-kai-mpyra-apo-ginger
999,glyka,ryzogalo-me-gala-karydas-kai-portokali
1000,glyka,sokolatenios-kormos
1001,glyka,poytigka-me-sokolata
1002,glyka,brownies-me-portokali-kai-kardamo
1003,glyka,milfeig
1004,glyka,brownies-me-karamela
1006,glyka,sokolatakia-karamela-mpiskoto
1007,glyka,zele-me-froyta-se-fetoyles
1008,glyka,loykoymades
1009,glyka,xristoygenniatika-cake-pops
1010,glyka,troyfes-me-sokolata-kai-alati
1011,glyka,japanese-cheesecake
1012,glyka,galaktompoyreko-me-krema-raspberries
1013,glyka,kormos-me-gemista-mpiskota
1014,glyka,kormos-me-chalva
1015,glyka,sokolatakia-me-marshmallows
1016,glyka,zeledakia-fraoylas
1017,glyka,sokolatakia-me-3-ylika
1018,glyka,trick-or-treat
1019,glyka,pancakes-me-kerasia
1020,glyka,rola-kanelas-me-poyre-kolokythas
1021,glyka,tsoyreki-me-kommatia-sokolatas
1022,glyka,moys-sokolatas-galaktos
1023,glyka,vasikh-zymh-gia-soy
1024,glyka,grhgorh-sokolatopita
1025,glyka,zele-me-loyiza-kai-raspberries
1026,glyka,klafoyti-me-kerasia
1027,glyka,siropiasto-indokarydo
1028,glyka,royal-icing
1029,glyka,pasteli-me-sokolata
1030,glyka,afrata-sokolatenia-brownies
1031,glyka,dulce-de-leche
1032,glyka,milfeig-sokolatas
1033,glyka,tarta-sokolatas-me-syka
1034,glyka,peinirli-sokolatas
1035,glyka,tiramisoy
1036,glyka,soyfle-moelleux-sokolatas
1037,glyka,kormos-sokolatas-me-portokali
1038,glyka,grhgorh-mhlopita
1039,glyka,to-galaktompoyreko-toy-akh
1040,glyka,krem-karamele
1041,glyka,crumble-me-mhlo-kai-achladi
1042,glyka,tarta-glykopatatas
1043,glyka,zele-me-prasino-tsai-kai-froyta
1044,glyka,tsoyreki-me-elaiolado
1045,glyka,moelleux-banoffee
1046,glyka,banoffee-me-sokolata
1047,glyka,profiterol
1048,glyka,vanana-split
1049,glyka,toyrta-fistiki-me-mpiskoti
1050,snak-santoyits,glykopatates-gemistes-me-solomo
1051,snak-santoyits,fwlies-sfoliatas-me-rikota-kai-ntomatinia
1052,snak-santoyits,eykola-pretzel
1053,snak-santoyits,sloppy-joes
1054,snak-santoyits,pitsa-me-4-tyria
1055,snak-santoyits,tsoyreki-me-mpeikon-kai-tyria
1056,snak-santoyits,shakshuka
1057,snak-santoyits,gkofretes-apo-kinoa
1058,snak-santoyits,krepes-apo-spanaki-me-pshta-lachanika
1059,snak-santoyits,kroketes-polentas
1060,snak-santoyits,nhstisimes-mpares-me-sokolata-kai-chalva
1061,snak-santoyits,santoyits-me-panseta
1062,snak-santoyits,saligkaria-apo-seleri
1063,snak-santoyits,ellhnikes-quesadillas
1064,snak-santoyits,mpares-dhmhtriakwn-me-amygdala
1065,snak-santoyits,asiatiko-porridge
1066,snak-santoyits,krakerakia-me-sporoys
1067,snak-santoyits,pitsa-me-feta-kai-stafylia
1068,snak-santoyits,sfoyggato-me-kima
1069,snak-santoyits,tost-me-zymarika
1070,snak-santoyits,muffins-zymarikwn
1071,snak-santoyits,pitsa-oyranio-toxo
1072,snak-santoyits,ayga-me-patates-kai-loykanika
1073,snak-santoyits,gemisto-rolo-tortigias
1074,snak-santoyits,pitsa-me-4-tyria-kroysta-me-tyri-krema
1075,snak-santoyits,rolakia-me-kima
1076,snak-santoyits,almyra-donuts
1077,snak-santoyits,tyropitakia-express
1078,snak-santoyits,spring-rolls-me-papia
1079,snak-santoyits,mpares-me-rhubarb
1080,snak-santoyits,tyrokroketes-foyrnoy-me-kotopoylo
1081,snak-santoyits,monte-cristo-sandwich
1082,snak-santoyits,tylichtes-mpoykies-me-prosoyto
1083,snak-santoyits,porridge-me-moyra-kai-tsia
1084,snak-santoyits,avgofetes-santoyits
1085,snak-santoyits,santoyits-me-moscharisio-pastrami
1086,snak-santoyits,almyres-mpares-vromhs
1087,snak-santoyits,kanapedakia-me-zymh-koyroy
1088,snak-santoyits,thganites-zymarikwn
1089,snak-santoyits,scrambled-eggs-me-mayromatika-fasolia
1090,snak-santoyits,spring-rolls
1091,snak-santoyits,kaltsone-me-liasth-ntomata
1092,snak-santoyits,choymoys-me-spanaki
1093,snak-santoyits,porridge
1094,snak-santoyits,tortigies-me-avgo
1095,snak-santoyits,ayga-pose
1096,snak-santoyits,burger-apo-froyta
1097,snak-santoyits,wrap-me-avokanto-kai-solomo
1098,snak-santoyits,piroski-me-patata
1099,snak-santoyits,superfood-pitsa
1100,snak-santoyits,froytalia
1101,snak-santoyits,aygofetes-me-meli-kai-froyta
1102,snak-santoyits,muffins-omeletas
1103,snak-santoyits,chrwmatista-paschalina-ayga
1104,snak-santoyits,mpares-vromhs
1105,snak-santoyits,flogeres-me-tyri
1106,snak-santoyits,wrap-me-avokanto-kai-tyri
1107,snak-santoyits,tirititim-kolokythakia-omeleta
1108,snak-santoyits,omeleta-foyrnoy-me-ntomata-kai-piperia
1109,snak-santoyits,paidika-tostakia
1110,snak-santoyits,kypriaka-avga-flwrentin
1111,snak-santoyits,vegan-giaoyrti-apo-gala-karydas
1112,snak-santoyits,karpoyzi-gemisto-me-moys-tyrioy
1113,snak-santoyits,pancakes-olikhs-me-froyta
1114,snak-santoyits,muffins-me-kima
1115,snak-santoyits,mpares-me-meli-myrtila-kai-verikoka
1116,snak-santoyits,spitiko-leuko-tiri
1117,snak-santoyits,kypriakes-koypes
1118,snak-santoyits,tsips-apo-floydes-patatas
1119,snak-santoyits,asiatiko-burger-manitariwn
1120,snak-santoyits,ellhnika-muffins-me-elies-kai-feta
1121,snak-santoyits,rola-me-liasth-ntomata
1122,snak-santoyits,froytozwakia
1123,snak-santoyits,tromaktika-santoyits
1124,snak-santoyits,tostakia-ala-soysi
1125,snak-santoyits,grhgores-mpares-me-karyda-xwris-psisimo
1126,snak-santoyits,mpares-tarandakia
1127,snak-santoyits,pitsa-express
1128,snak-santoyits,mproysketa-ala-ellhnika
1129,snak-santoyits,krepes-soyfle
1130,snak-santoyits,pizza-sto-thgani-me-manitaria
1131,snak-santoyits,almyra-kritsinia-sfoliatas
1132,snak-santoyits,moysli-me-vromh-kai-moyra
1133,snak-santoyits,ayga-flwrentin
1134,snak-santoyits,apoxhramenes-fraoyles
1135,snak-santoyits,muffins-me-thganhta-ayga-ortykioy
1136,snak-santoyits,prwino-me-ayga-ortykioy
1137,snak-santoyits,eykola-peinirli-me-kima
1138,snak-santoyits,portompelo-pitsa
1139,snak-santoyits,vegan-mpares-sokolatas
1140,snak-santoyits,nhstisimes-mpares-me-koyvertoyra
1141,snak-santoyits,aleimma-tyrioy-me-kranmperi-kai-thymari-panw-se-krakerakia-thymarioy
1142,snak-santoyits,patatokeftedes-me-solomo
1143,snak-santoyits,krepes-apo-fagopyro
1144,snak-santoyits,quesadillas-me-kotopoylo
1145,snak-santoyits,onion-rings
1146,snak-santoyits,polychrwma-pretzel
1147,snak-santoyits,paschalina-ayga-me-kokkino-lachano
1148,snak-santoyits,kritharokoyloyres
1149,snak-santoyits,rolakia-apo-fylla-ryzioy-rice-paper-rolls
1150,snak-santoyits,scrambled-eggs-me-sparaggia
1151,snak-santoyits,grhgores-mpares-me-marshmallows
1152,snak-santoyits,kagianas-me-loykaniko-mykonoy
1153,snak-santoyits,rolakia-mpananas
1154,snak-santoyits,pasteli
1155,snak-santoyits,burger-croque-monsieur
1156,snak-santoyits,omeleta-me-kotopoylo
1157,snak-santoyits,ayga-me-fasolia
1158,snak-santoyits,moys-giaoyrtioy
1159,snak-santoyits,pizza-me-loykanika-kai-kremmydi
1160,snak-santoyits,volovan
1161,snak-santoyits,eykola-kroyasan-me-zampon-kai-tyri
1162,snak-santoyits,grilled-cheese-me-avokanto-kai-syka
1163,snak-santoyits,loyloydia-apo-ntomatinia
1164,snak-santoyits,rice-paper-rolls
1165,snak-santoyits,flogeres-me-prosoyto-kai-tyri
1166,snak-santoyits,pikantiko-popcorn
1167,snak-santoyits,fritata-me-patates-kai-feta
1168,snak-santoyits,takos-me-kima
1169,snak-santoyits,ta-mini-burgers-ths-pareas
1170,snak-santoyits,tyrokroketes-me-soysami-kai-marmelada-ntomata
1171,snak-santoyits,froytosalata-se-chwnakia
1172,snak-santoyits,zymh-pitsas-me-linarosporo
1173,snak-santoyits,avga-pose-me-saltsa-hollandaise-kai-sparaggia
1174,snak-santoyits,thganhta-ayga-me-avokanto
1175,snak-santoyits,sandwich-me-coleslaw-kai-loykaniko
1176,snak-santoyits,bbq-pitsa-me-kotopoylo
1177,snak-santoyits,anapoda-rolakia-solomoy
1178,snak-santoyits,mpaton-sale
1179,snak-santoyits,cupcakes-me-galopoyla-kai-araka
1180,snak-santoyits,rola-omeletas
1181,snak-santoyits,avokanto-me-ayga
1182,snak-santoyits,almyra-healthy-pancakes-me-solomo
1183,snak-santoyits,grhgorh-pitsa
1184,snak-santoyits,healthy-santoyits-tonoy
1185,snak-santoyits,pitsa-me-tortigies
1186,snak-santoyits,prwino-se-sfoliata
1187,snak-santoyits,mpares-karamelas
1188,snak-santoyits,pancakes-olikhs-me-froyta-kai-tyri-krema
1189,snak-santoyits,atomika-pitsakia-me-fetes-pswmioy
1190,snak-santoyits,tortigia-me-fistikovoytyro-kai-mpanana
1191,snak-santoyits,omeleta-santoyits
1192,snak-santoyits,froytosalata-se-kyvo
1193,snak-santoyits,kagiana-strapatsada
1194,snak-santoyits,burrito
1195,snak-santoyits,nhstisimes-kroketes-me-spanaki
1196,snak-santoyits,paschlina-ayga-me-spanaki
1197,snak-santoyits,karamelwmeno-mpeikon
1198,snak-santoyits,pancakes-me-rikota
1199,snak-santoyits,ananas-me-mpeikon
1200,snak-santoyits,ayga-vammena-me-chryso
1201,snak-santoyits,voytyro-apo-karydia-vrazilias
1202,snak-santoyits,vegan-giaoyrti-apo-gala-amygdaloy
1203,snak-santoyits,wrap-me-kotopoylo-kai-ellhnikh-salata
1204,snak-santoyits,tost-me-melitzana
1205,snak-santoyits,scones-me-leykh-sokolata-kai-glaso-portokalioy
1206,snak-santoyits,ellhnikh-omeleta
1207,snak-santoyits,pitsa-me-froyta
1208,snak-santoyits,chimichangas
1209,snak-santoyits,voytyro-melioy-me-kanela
1210,snak-santoyits,paschalina-ayga-me-pantzaria
1211,snak-santoyits,tyrokroketes
1212,snak-santoyits,krepes-karmponara
1213,snak-santoyits,coronation-sandwich-me-kari
1214,snak-santoyits,vegan-pate
1215,snak-santoyits,santoyits-oyranio-toxo
1216,snak-santoyits,almyra-palmier-gyalakia
1217,snak-santoyits,avokanto-tost-me-ayga-scrambled
1218,snak-santoyits,mpares-me-vrwmh-kai-pralina-sokolata-chwris-pshsimo
1219,snak-santoyits,gkofretes-me-sokolata-kai-fistikovoutiro
1220,snak-santoyits,glykopatates-gemistes-me-feta
1221,snak-santoyits,ellhnika-scrambled-eggs
1222,snak-santoyits,kroketes-me-patata-kai-mprokolo
1223,snak-santoyits,mproysketes-me-hummus-apo-fasolia-kai-prosoyto
1224,snak-santoyits,pitsa-kapreze
1225,snak-santoyits,almyres-thganites-me-saltsa-ntomatas-kai-mpeikon-412c12a0-c6aa-4a3a-bb03-ac4641ce1927
1226,snak-santoyits,pitsa-me-loykanika
1227,snak-santoyits,pikantikoi-xhroi-karpoi
1228,snak-santoyits,fajitas
1229,snak-santoyits,choirino-me-mayrh-mpyra
1230,snak-santoyits,vegan-parmezana
1231,snak-santoyits,krepes-me-spanaki
1232,snak-santoyits,mini-burgers
1233,snak-santoyits,paschalina-ayga-me-kafe
1234,snak-santoyits,fystikovoytyro
1235,snak-santoyits,thganites
1236,snak-santoyits,steak-sandwich
1237,snak-santoyits,ayga-mimoza
1238,snak-santoyits,mproysketes-me-kalamari
1239,snak-santoyits,pitsa-me-pesto-apo-spanaki-kai-lachanika
1240,snak-santoyits,burritos-me-kotopoylo-kai-avokanto
1241,snak-santoyits,xhroi-karpoi-me-espreso
1242,snak-santoyits,almyro-cheesecake-me-ntomatinia-kai-feta
1243,snak-santoyits,aygofetes-french-toast
1244,snak-santoyits,pitsa-chwnaki
1245,snak-santoyits,traganes-mpoykies-koynoypidioy
1246,snak-santoyits,to-prwino-toy-akh
1247,snak-santoyits,skooyns-lemonioy-me-myrtila
1248,snak-santoyits,tost-me-zampon-kai-tyri
1249,snak-santoyits,santoyits-me-omeleta
1250,snak-santoyits,tost-me-avokanto-tyri-kai-zampon
1251,snak-santoyits,pizza-me-ayga
1252,snak-santoyits,almyres-mpares
1253,snak-santoyits,gkoyzer
1254,snak-santoyits,almyra-cupcakes-garidas
1255,snak-santoyits,pizza-me-pesto
1256,snak-santoyits,loykanika-moymies
1257,snak-santoyits,pasta-elias-tapenade
1258,snak-santoyits,pancakes-me-manitaria
1259,snak-santoyits,thganites-me-xinomyzhthra-kai-meli
1260,snak-santoyits,omeleta
1261,snak-santoyits,krepes-apo-spanaki-me-manitaria-kai-krema-kasioys
1262,snak-santoyits,froytalia-me-kolokythokorfades-kai-loykaniko
1263,snak-santoyits,stafylia-toyrsi-me-kanela-kai-piperi
1264,snak-santoyits,tost-me-pshta-lachanika-kai-tono
1265,snak-santoyits,mpares-dhmhtriakwn
1266,snak-santoyits,voytyro-ghee
1267,snak-santoyits,santoyits-me-galopoyla
1268,snak-santoyits,mpares-me-dhmhtriaka-ryzioy-kai-fistikovoytyro
1269,snak-santoyits,mproysketes-me-achladi-kai-blue-cheese
1270,snak-santoyits,peinirli-me-kima
1271,snak-santoyits,philly-cheesesteak
1272,snak-santoyits,scrambled-eggs-me-koyrkoyma
1273,snak-santoyits,gemista-ayga-me-sparaggia
1274,snak-santoyits,mpares-me-xhroys-karpoys
1275,snak-santoyits,mproysketes-me-talagani
1276,snak-santoyits,paidikes-tortigies-vivlia
1277,snak-santoyits,almyra-pancakes-me-gyro-kotopoyloy
1278,snak-santoyits,piroski-me-loykaniko
1279,snak-santoyits,mproysketes-me-pshtes-elies
1280,snak-santoyits,mproysketes-me-garides
1281,snak-santoyits,calzone-me-tyri-manitaria-kai-mpeikon
1282,snak-santoyits,almyrh-pizza-karpoyzi
1283,snak-santoyits,rolakia-me-poyre-kolokythas
1284,snak-santoyits,ayga-benedict
1285,snak-santoyits,muffins-me-manitaria
1286,snak-santoyits,spicy-hot-dogs
1287,snak-santoyits,omeleta-foyrnoy-me-aspradia
1288,snak-santoyits,tost-me-mpeikon-kai-mhlo
1289,snak-santoyits,mproysketes-me-lachanika-kai-tyri-krema
1290,snak-santoyits,fritata-me-zymarika-kai-feta
1291,snak-santoyits,mproysketes-me-katsikisio-tyri-kai-roka
1292,snak-santoyits,kokkina-paschalina-ayga
1293,snak-santoyits,pitsa-sikago
1294,snak-santoyits,mproysketes-me-agkinares-kai-elies
1295,snak-santoyits,mproysketes-me-aygo
1296,snak-santoyits,mpagketa-me-kotopoylo-kai-pshta-lachanika
1297,snak-santoyits,almyra-pet-treats
1298,snak-santoyits,omeleta-me-spanaki
1299,snak-santoyits,tortigies-me-arni
1300,snak-santoyits,mpares-me-karydia-kai-stafides
1301,snak-santoyits,manitaria-gemista-me-loykaniko-kai-tyria
1302,snak-santoyits,pancakes-me-mpeikon
1303,snak-santoyits,ellhniko-santoyits
1304,snak-santoyits,italikh-omeleta-me-kolokythakia-kai-dyosmo-frittata
1305,snak-santoyits,rolakia-me-kotopoylo
1306,snak-santoyits,tartakia-me-rikota-kai-ntomata
1307,snak-santoyits,pshtes-gemistes-melitzanes
1308,snak-santoyits,fwlies-parmezanas-me-moys-tyrioy
1309,snak-santoyits,pancakes-me-kinoa-kai-karyda
1310,snak-santoyits,mikra-gemista-pitsakia
1311,snak-santoyits,xhroi-karpoi-me-kagien
1312,snak-santoyits,tragana-rolakia-kanelas
1313,snak-santoyits,chrwmatista-ayga
1314,snak-santoyits,almyra-pancakes-light
1315,snak-santoyits,rola-me-kapnisto-solomo
1316,snak-santoyits,arwmatiko-voytyro-me-laim
1317,snak-santoyits,moystaleyria
1318,snak-santoyits,pagwmenh-krema-vromhs
1319,snak-santoyits,almyra-pancakes-me-loykanika
1320,snak-santoyits,glyko-popcorn
1321,snak-santoyits,anemomuloi-me-tessera-ylika
1322,snak-santoyits,pshta-ayga-me-spanaki-kai-manitaria
1323,snak-santoyits,hot-dogs
1324,snak-santoyits,gemista-muffins
1325,snak-santoyits,pisalantier
1326,snak-santoyits,tost-kotopoylo
1327,snak-santoyits,mpares-me-xhroys-karpoys-kai-portokali
1328,snak-santoyits,pizza-me-sparaggia
1329,snak-santoyits,mini-pitsakia
1330,snak-santoyits,feta-tylichth-se-fyllo-kroystas
1331,snak-santoyits,aleimma-tyrioy-me-kshroys-karpoys
1332,snak-santoyits,koyloyria-thessalonikhs
1333,snak-santoyits,goyakamole
1334,snak-santoyits,corn-dogs
1335,snak-santoyits,aythentikh-italikh-pizza
1336,snak-santoyits,salata-me-gemisth-mpagketa
1337,snak-santoyits,sandwich-me-panseta-kai-coleslaw
1338,snak-santoyits,tyrokroketes-me-2-ylika
1339,snak-santoyits,ayga-pose-se-pikantikh-saltsa-ntomatas
1340,snak-santoyits,burgers-glykopatatas
1341,snak-santoyits,mproysketes-me-aygo-kai-antzoygia
1342,snak-santoyits,eykolh-pitsa
1343,snak-santoyits,pagwmena-glykoxina-stafylia
1344,snak-santoyits,anapodh-pitsa
1345,snak-santoyits,omeleta-foyrnoy-me-tyria
1346,snak-santoyits,sokolatenies-mpares-me-ksirous-karpous
1347,snak-santoyits,peinirli
1348,snak-santoyits,tost-me-katsikisio-tyri-kai-pshth-tomata
1349,snak-santoyits,croque-madame
1350,snak-santoyits,spitiko-tyri-krema
1351,snak-santoyits,ayga-scrambled-me-solomo
1352,snak-santoyits,solomos-gravlax
1353,snak-santoyits,kritsinia-polyspora
1354,snak-santoyits,mproysketes-me-pesto-melitzanas-kai-prosoyto
1355,snak-santoyits,spitika-takos-me-kima
1356,snak-santoyits,peinirli-me-soytzoyki-kai-aygo
1357,snak-santoyits,mproysketes-karpoyzi
1358,snak-santoyits,vegan-omeleta
1359,snak-santoyits,pancake-ston-foyrno
1360,snak-santoyits,afrath-omeleta-me-spanaki
1361,snak-santoyits,krepes-lachanikwn
1362,snak-santoyits,paschalina-ayga-me-schedia
1363,snak-santoyits,english-breakfast-me-gigantes
1364,snak-santoyits,eggs-benedict-se-30-lepta
1365,snak-santoyits,pitsakia-se-mpoykitses
1366,snak-santoyits,pizza-me-tsili-kon-karne
1367,snak-santoyits,corn-dogs-sto-foyrno
1368,snak-santoyits,avokanteza
1369,snak-santoyits,empanadas-atomika-kreatopitakia
1370,snak-santoyits,mpares-sokolatas-me-xhroys-karpoys
1371,snak-santoyits,mproysketes-me-ntomatinia-confit-kai-rikota
1372,snak-santoyits,omeleta-foyrnoy-me-loykanika-kai-saltsa-krasioy
1373,snak-santoyits,mproysketes-me-fystikovoytyro
1374,snak-santoyits,pancakes-me-spanaki
1375,snak-santoyits,afrata-rolakia-pitsas
1376,snak-santoyits,mproysketes-me-solomo
1377,snak-santoyits,moys-fetas
1378,snak-santoyits,mpaton-sale-me-chutney-achladioy
1379,snak-santoyits,spitiko-giaoyrti
1380,snak-santoyits,tylichth-omeleta-me-tyri-kai-galopoyla
1381,snak-santoyits,mproysketes-me-katsikisio-tyri-kai-solomo
1382,snak-santoyits,tyropitakia-me-kotopoylo
1383,snak-santoyits,rolakia-pestoy
1384,snak-santoyits,pancakes-me-mpananes
1385,snak-santoyits,fritata-me-kolokythakia-kai-kolokytholoyloyda
1386,snak-santoyits,cheimwniatikh-froytosalata
1387,snak-santoyits,grilled-cheese-sandwich
1388,snak-santoyits,mproysketa-allantikwn
1389,snak-santoyits,pizza-karmponara
1390,snak-santoyits,glykia-pizza-karpoyzi
1391,snak-santoyits,kalampokia-ston-foyrno-me-mpeikon-kai-parmezana
1392,snak-santoyits,pacoras-me-lachanika
1393,snak-santoyits,almyrh-toyrta-me-krepes
1394,snak-santoyits,fritata-me-mpeikon-kai-glykopatates
1395,snak-santoyits,feta-pshth-me-ntomata-kai-elies
1396,snak-santoyits,flapjacks-me-xhroys-karpoys
1397,snak-santoyits,meatball-sandwich
1398,snak-santoyits,sandwich-me-mpiftekia-apo-fasolia
1399,snak-santoyits,popcorn-caramel
1400,snak-santoyits,tost-me-tsentar-kai-mpeikon
1401,snak-santoyits,pikantikes-elies
1402,snak-santoyits,falafel
1403,snak-santoyits,pita-me-loykanika
1404,snak-santoyits,omeleta-foyrnoy
1405,snak-santoyits,paschalina-ayga-me-floydes-apo-kremmydia
1406,snak-santoyits,sandwich-me-panseta-kai-chutney-mhloy
1407,snak-santoyits,blt-sandwich
1408,snak-santoyits,samosas
1409,snak-santoyits,strata
1410,snak-santoyits,ananas-pshtos
1411,snak-santoyits,kroketes-me-zampon-kai-tyri
1412,snak-santoyits,muffins-prwte-nhs
1413,snak-santoyits,club-sandwich
1414,snak-santoyits,paschalina-ayga-me-dantela-kai-loyloydia
1415,snak-santoyits,pizza-me-vash-koynoypidioy
1416,snak-santoyits,philly-steak-sandwich
1417,snak-santoyits,natsos-me-tsentar-sos
1418,snak-santoyits,spitikh-rikota-anthotyro
1419,snak-santoyits,tyri-saganaki-me-salsa-apo-ntomatinia
1420,snak-santoyits,paschalina-ayga-me-koyrkoyma
1421,snak-santoyits,patatonokeftedes
1422,snak-santoyits,croque-monsieur
1423,snak-santoyits,scones-me-kotopoylo
1424,snak-santoyits,galaktofetes-me-fistikia-aiginhs
1425,snak-santoyits,calzone-me-zampon-kai-anarh
1426,snak-santoyits,apoxhramena-kerasia
1427,zymarika,zymarika-foyrnoy
1429,zymarika,garidomakaronada
1430,zymarika,healthy-avga-flwrentin-me-spaggeti-high-protein
1431,zymarika,kritharoto-me-manitaria
1432,zymarika,makaronada-olikhs-me-pesto-avokanto
1433,zymarika,makaronia-me-kima
1434,zymarika,pastitsio-me-galopoyla
1435,zymarika,ellhnikh-karmponara
1436,zymarika,atomiko-pastitsio
1437,zymarika,anioloti-gemista-me-moschari-kai-spanaki
1438,zymarika,healthy-fritata-me-zymarika-kai-kotopoylo-high-protein
1439,zymarika,rigkatoni-me-tono-kai-liastes-ntomates-sto-foyrno
1440,zymarika,ravioli-me-liasth-ntomata-kai-tyri
1441,zymarika,nioki-me-rikota-kai-elafria-saltsa-ntomatas
1442,zymarika,kanelonia-me-kima-kai-mpesamel
1443,zymarika,kochylia-me-pesto-kai-kolokytha
1444,zymarika,spitikes-taliateles-me-agkinara-kai-prosoyto
1445,zymarika,soyfle-me-makaronia-ston-foyrno
1446,zymarika,noodles-me-avokanto-kai-karyda
1447,zymarika,spaggeti-apo-dikokko-sitari-me-pesto-alla-genovese
1448,zymarika,spitika-zymarika-strozzapreti
1449,zymarika,lazania-me-kima
1450,zymarika,eykolo-mac-n-cheese
1451,zymarika,kanelonia-me-spanaki
1452,zymarika,ligkoyini-me-garides-laim-kai-sparaggia
1453,zymarika,xwriatikh-makaronada
1454,zymarika,pastitsio-me-ragoy-kai-blue-cheese
1455,zymarika,makaronada-me-4-tyria
1456,zymarika,dikokko-spaggeti-me-kolokytha-faskomhlo-kai-mpeikon
1457,zymarika,zymarika-me-saltsa-apo-seskoyla-kai-freska-kremmydakia
1458,zymarika,grhgoro-mac-n-cheese
1459,zymarika,lazania-foyrnoy-me-pesto-vasiliko
1460,zymarika,mac-n-cheese-chwris-gloytenh
1461,zymarika,healthy-penes-me-kotopoylo-high-protein
1462,zymarika,mac-cheese
1463,zymarika,makaronia-skioyfichta
1464,zymarika,to-pastitsio-toy-akh
1465,zymarika,pastitsio-me-makaronaki-kofto
1466,zymarika,penes-me-tono-kai-gkremolata
1467,zymarika,kalokairinh-chwriatikh-makaronada
1468,zymarika,mac-cheese-me-ntomata
1469,zymarika,sioyfichta-makaronia-me-tono-alonnhsoy
1470,zymarika,penes-foyrnoy-me-tyria-kai-mpeikon
1471,zymarika,farfales-me-kotopoylo-ala-krem
1472,zymarika,skioyfichta-me-feta-kai-riganh
1473,zymarika,makaronada-lemonath-me-garides
1474,zymarika,kritharaki-me-gkorkontzola-kai-kolokythakia
1475,zymarika,farfales-olikhs-me-pesto-foyntoykioy
1476,zymarika,rigkatoni-me-melitzana
1477,zymarika,dumplings-me-choirino
1478,zymarika,lazania-me-kotopoylo
1479,zymarika,karmponara-me-kolokythakia
1480,zymarika,astakomakaronada-me-leykh-saltsa
1481,zymarika,foysili-me-saltsa-antzoygias
1482,zymarika,lazania-me-moscharaki-kai-mosxaraki-ragou
1483,zymarika,nioki-apo-tyri-rikota-ntomatinia-kai-vasiliko
1484,zymarika,noodles-me-garides-kai-mprokolo
1485,zymarika,kochylia-gemista-me-kotopoylo
1486,zymarika,tortelinia-light-ston-foyrno
1487,zymarika,spaggeti-ala-norma
1488,zymarika,ligkoyini-olikhs-me-pesto-avokanto
1489,zymarika,lazania-me-lachanika
1490,zymarika,trachanas-me-kavoyrma
1491,zymarika,raviolia-me-sparaggia
1492,zymarika,vides-me-garides-kai-kokkinh-saltsa
1493,zymarika,freska-zymarika-se-2-spaetzle
1494,zymarika,ligkoyini-me-pesto-karydioy
1495,zymarika,farfales-me-tono-kai-votka
1496,zymarika,spaggeti-aglio-e-olio
1497,zymarika,pikantikh-makaronada-me-kavoyropsixa
1498,zymarika,zymarika-me-keftedakia-galopoylas
1499,zymarika,makaronada-me-gemista-keftedakia
1500,zymarika,karmponara
1501,zymarika,taliateles-spitikes-ala-poytaneska
1502,zymarika,rigkatoni-me-kolokytha-kai-mpeikon
1503,zymarika,ligkoyini-me-pesto-avokanto
1504,zymarika,noynti-me-vasiliko-kai-saltsa-tachini
1505,zymarika,penes-arampiata
1506,zymarika,makaronia-choris-gloutenh-me-pesto-pantzarioy
1507,zymarika,spaggeti-me-mydia-sto-thgani
1508,zymarika,farfales-me-tono-elies-kai-kaparh
1509,zymarika,lazania-me-manitaria-kai-loykaniko
1510,zymarika,astakomakaronada
1511,zymarika,makaronada-me-thalassina
1512,zymarika,kochylia-sto-foyrno-me-spanaki-kai-feta
1513,zymarika,mpolonez-apo-koynoypidi
1514,zymarika,kritharaki-me-tachini
1515,zymarika,makaronada-kaponata-me-kolokythia
1516,zymarika,zymh-gia-zymarika
1517,zymarika,chwriatikh-makaronada-me-fasolakia
1518,zymarika,spitika-nioki
1519,zymarika,poytaneska-me-taliateles
1520,zymarika,chtapodi-me-kofto-makaronaki
1521,zymarika,noynti-me-spanaki-feta-kai-leykh-saltsa
1522,zymarika,rigkatoni-me-ragoy-genovese
1523,zymarika,makaronada-cacio-e-pepe
1524,zymarika,makaronia-me-tzatziki
1525,zymarika,kayteres-penes-me-kavoyri
1526,zymarika,lazania-me-spanaki-kai-saltsa-ntomatas
1527,zymarika,cheiropoihto-gemisto-ravioli-me-chaloymi-kai-koliandro
1528,zymarika,makaronada-light-me-kotopoylo-mprokolo
1529,zymarika,ligkoyini-me-tsoyknida-kai-feta
1530,pswmia-zymes,chwriatiko-pswmi
1531,pswmia-zymes,christoygenniatika-pswmakia-gemista-me-tyri
1532,pswmia-zymes,glyko-pswmi-me-safran
1533,pswmia-zymes,pswmi-me-graviera-kai-karoto
1534,pswmia-zymes,pswmi-kolokythas
1535,pswmia-zymes,chwriatiko-pswmi
1536,pswmia-zymes,pswmi-sth-chytra-tachythtas
1537,pswmia-zymes,bagels-me-ntomata-kai-motsarela
1538,pswmia-zymes,pswmi-patatas
1539,pswmia-zymes,cloud-bread-me-3-ylika
1540,pswmia-zymes,fokatsia-me-pesto-vasilikoy
1541,pswmia-zymes,pswmi-karpoyzi
1542,pswmia-zymes,monkey-bread-me-oyiski
1543,pswmia-zymes,glyko-pswmi-me-pralina-sokolatas
1544,pswmia-zymes,pswmi-stayros
1545,pswmia-zymes,almyra-scones
1546,pswmia-zymes,spitika-kroyton
1547,pswmia-zymes,krakerakia-tyrioy
1548,pswmia-zymes,christopswmo
1549,pswmia-zymes,bao-buns
1550,pswmia-zymes,eliopswmo
1551,pswmia-zymes,lazarakia
1552,pswmia-zymes,pswmi-me-blue-cheese
1553,pswmia-zymes,spitika-pswmakia-burger
1554,pswmia-zymes,zymh-pitsas-me-2-ylika
1555,pswmia-zymes,pswmi-me-zymarika
1556,pswmia-zymes,skordopswmo
1557,pswmia-zymes,pswmi-patatas-me-mpoykovo
1558,pswmia-zymes,lagana-me-oyzo
1559,pswmia-zymes,pswmi-me-gala
1560,pswmia-zymes,pites-gia-soyvlaki
1561,pswmia-zymes,vialy
1562,pswmia-zymes,eykola-kroyasan
1563,pswmia-zymes,mprios-me-pshto-mpri
1564,pswmia-zymes,scones-patatas-me-feta-kai-pose-ayga
1565,pswmia-zymes,krithina-paximadia
1566,pswmia-zymes,gemista-mprios-me-pshto-mpri
1567,pswmia-zymes,peinirli-me-spanaki-kai-aygo
1568,pswmia-zymes,tyropswmo
1569,pswmia-zymes,pswmi-kapreze
1570,pswmia-zymes,eykolo-pswmi-me-pesto
1571,pswmia-zymes,biscuits-me-chaloymi-kai-anhtho
1572,pswmia-zymes,eykolo-polysporo-pswmi
1573,pswmia-zymes,loykoymopswmo
1574,pswmia-zymes,lamprokoyloyra
1575,pswmia-zymes,eliopswmo-olikhs-aleshs
1576,pswmia-zymes,nhstisimo-tsoyreki
1577,pswmia-zymes,grhgora-loykanikopitsakia
1578,pswmia-zymes,lagana
1579,pswmia-zymes,charoypopswmo
1580,pswmia-zymes,paximadia-charoypioy
1581,pswmia-zymes,pswmi-chwris-zymwma
1582,pswmia-zymes,atomika-stafidopswma
1583,pswmia-zymes,kypriakes-tachinopites-42e44ac2-162a-45b8-9191-15ff5d173f22
1584,pswmia-zymes,kalampokopswmo
1585,pswmia-zymes,kalampokopswmo-me-feta
1586,pswmia-zymes,pswmi-chwris-zymwma-chwris-magia
1587,pswmia-zymes,pswmi-sodas-me-prosoyto
1588,pswmia-zymes,fokatsia-me-stafyli-kai-dentrolivano
1589,pswmia-zymes,fokatsia-me-ntomatinia-kai-vasiliko
1590,pswmia-zymes,leopard-milk-bread
1591,pswmia-zymes,tempoyra
1592,pswmia-zymes,kyra-sarakosth
1593,pswmia-zymes,polysporo-pswmi-olikhs-aleshs
1594,pswmia-zymes,atomika-eliopswma
1595,pswmia-zymes,koyrkoyti
1596,pswmia-zymes,palmiers-me-pasta-elias
1597,pswmia-zymes,pswmi-me-pantzari-kai-feta
1598,pswmia-zymes,pswmi-mhloy-me-mpacharika
1599,pswmia-zymes,christoygenniatiko-stefani
1600,pswmia-zymes,poytigka-me-loykanika-kai-ayga
1601,pswmia-zymes,pswmi-glykopatatas
1602,pswmia-zymes,glyko-pswmi-me-kolokythakia-kai-mpacharika
1603,pswmia-zymes,pswmi-sodas
1604,pswmia-zymes,prozymi
1605,pswmia-zymes,monkey-bread
1606,pswmia-zymes,pitsopswmo
1607,pswmia-zymes,poytigka-pswmioy-me-kolokytha-kai-leykh-sokolata
1608,pswmia-zymes,fougasse-gallikh-lagana
1609,pswmia-zymes,papparoti-me-glaso-kafe
1610,pswmia-zymes,glyka-pswmakia-me-portokali-kai-glykaniso
1611,pswmia-zymes,kalathi-apo-zymh
1612,pswmia-zymes,monkey-bread-gemisto-me-tyri-mpri-kai-marmelada
1613,pswmia-zymes,pswmi-toy-tost
1614,pswmia-zymes,manitaropswmo
1615,pswmia-zymes,eykolo-kai-grhgoro-sokolatenio-pswmi
1616,pswmia-zymes,tyropswmo-me-mpira
1617,pswmia-zymes,bagels
1618,pswmia-zymes,grhgoro-pswmi-me-tsentar
1619,pswmia-zymes,sokolatenia-christopswma
1620,pswmia-zymes,almyra-soy
1621,pswmia-zymes,pswmi-me-syko-kai-xhroys-karpoys
1622,pswmia-zymes,eykola-brioche
1623,pswmia-zymes,psomi-me-prozimi
1624,pswmia-zymes,afrata-christopswma
1625,pswmia-zymes,grhgoro-pswmi-me-mpyra
1626,pswmia-zymes,pswmi-me-pantzaria-kai-xhroys-karpoys
1627,pswmia-zymes,scones-me-tyri-kai-xynogala
1628,pswmia-zymes,zymh-gia-almyres-tartes
1629,pswmia-zymes,pswmi-me-kastano-ryzi
1630,glyka,paradosiako-mwsaiko
